"Time (s)","X (rad/s)","Y (rad/s)","Z (rad/s)"
4.706666805E-4,-5.603733659E-1,-7.715756297E-1,4.377744794E-1
1.048066671E-2,-7.634622455E-1,-7.486592531E-1,4.783940911E-1
2.048966667E-2,-8.605664372E-1,-6.982573271E-1,4.412275553E-1
3.049966670E-2,-8.331853747E-1,-5.624932051E-1,3.407946527E-1
4.050966667E-2,-6.885057092E-1,-3.657577932E-1,1.697456837E-1
5.051966669E-2,-4.593297839E-1,-9.308771789E-2,1.900774427E-3
6.052966666E-2,-2.136894166E-1,2.489500493E-1,-1.550531536E-1
7.053966669E-2,-3.037366457E-2,5.601303577E-1,-2.958417237E-1
8.054966666E-2,8.447702229E-2,7.884935141E-1,-3.936569691E-1
9.055966669E-2,1.745896041E-1,8.969457150E-1,-4.600639939E-1
1.005696667E-1,2.274986207E-1,8.984687924E-1,-5.146225691E-1
1.105796667E-1,3.084965348E-1,7.519314885E-1,-5.470635295E-1
1.205896667E-1,3.652146757E-1,5.948334932E-1,-5.595500469E-1
1.305996667E-1,3.569895029E-1,3.387632966E-1,-5.213897228E-1
1.406096667E-1,2.861281335E-1,3.426891193E-2,-4.374985695E-1
1.506196667E-1,1.867240667E-1,-2.442276329E-1,-3.086455166E-1
1.606296667E-1,8.567840606E-2,-4.244442880E-1,-1.666255295E-1
1.706396667E-1,1.418693364E-2,-4.541862607E-1,-5.726476759E-2
1.806486667E-1,-3.230938688E-3,-4.069409966E-1,-5.096104927E-3
1.906586667E-1,3.262396157E-2,-3.196958303E-1,-1.436834037E-2
2.006686667E-1,1.056707427E-1,-1.863774359E-1,-5.223556235E-2
2.106786667E-1,1.896298379E-1,-2.278072760E-2,-1.089507937E-1
2.206886667E-1,2.526434362E-1,1.004426628E-1,-1.415838301E-1
2.306986667E-1,2.657233179E-1,1.635805517E-1,-1.497668624E-1
2.407086667E-1,2.443770021E-1,1.692418903E-1,-1.360760778E-1
2.507182917E-1,2.021328509E-1,1.205443218E-1,-1.106960103E-1
2.607282917E-1,1.569193006E-1,4.403969273E-2,-9.029725939E-2
2.707382917E-1,1.348667145E-1,-2.555958182E-2,-6.625574082E-2
2.807482917E-1,1.228726357E-1,-7.563287020E-2,-5.224245787E-2
2.907582917E-1,8.016008139E-2,-8.688971400E-2,-5.020795017E-2
3.007682917E-1,4.132320359E-2,-7.700619102E-2,-9.854404256E-3
3.107782917E-1,-2.064745408E-3,-3.360609338E-2,2.245019376E-2
3.207882917E-1,-6.204206496E-2,1.595507003E-2,4.153333977E-2
3.307972917E-1,-1.284008622E-1,2.186205238E-2,5.612327158E-2
3.408072917E-1,-1.797524691E-1,-9.225028567E-3,7.217627764E-2
3.508172917E-1,-2.116294503E-1,-8.851010352E-2,8.961709589E-2
3.608272917E-1,-2.205486447E-1,-1.500741392E-1,1.003331244E-1
3.708372917E-1,-2.062991261E-1,-1.608566195E-1,1.008803546E-1
3.808472917E-1,-1.716386229E-1,-1.348961294E-1,9.073424339E-2
3.908572917E-1,-1.412167847E-1,-7.082952559E-2,7.466140389E-2
4.008672917E-1,-9.456592798E-2,-5.085403100E-3,5.335452035E-2
4.108772917E-1,-6.153476238E-2,4.466615990E-2,3.254750371E-2
4.208872917E-1,-6.929707527E-2,1.048477441E-1,3.694549203E-3
4.308972917E-1,-9.228414297E-2,6.976022571E-2,-2.755998634E-2
4.409072917E-1,-1.257488877E-1,1.437074039E-2,-6.858251989E-2
4.509172917E-1,-1.390982121E-1,-6.536981463E-2,-8.498387784E-2
4.609272917E-1,-1.280074716E-1,-1.112800464E-1,-6.328497082E-2
4.709372917E-1,-1.066162214E-1,-1.121364012E-1,-2.910486236E-2
4.809462917E-1,-7.542421669E-2,-7.794380933E-2,-3.161146538E-3
4.909562917E-1,-6.779886317E-3,-1.906103455E-2,2.243689820E-2
5.009662917E-1,3.567223251E-2,1.053027287E-1,2.950040251E-2
5.109762917E-1,5.599559098E-2,1.761328876E-1,3.685167432E-2
5.209862917E-1,3.793695942E-2,1.828035712E-1,2.519022487E-2
5.309962917E-1,9.228358977E-3,1.635610163E-1,1.453912817E-2
5.410062917E-1,-1.748394594E-2,1.214702874E-1,2.585490048E-2
5.510162917E-1,-4.252240807E-2,5.536246300E-2,4.113011807E-2
5.610262917E-1,-7.086616755E-2,3.350003809E-2,6.186415628E-2
5.710362917E-1,-4.579494894E-2,-3.982518241E-2,1.032643616E-1
5.810462917E-1,-3.728456795E-3,-4.728522897E-2,1.261952370E-1
5.910562917E-1,3.048117459E-2,-3.280088305E-2,1.393801868E-1
6.010662917E-1,2.810909785E-2,-3.224055469E-2,1.508935541E-1
6.110762917E-1,-2.030475810E-2,-8.383375406E-2,1.717481315E-1
6.210862917E-1,-1.098242551E-1,-1.738805473E-1,1.808987558E-1
6.310952917E-1,-2.004590631E-1,-2.626157999E-1,1.776740998E-1
6.411052917E-1,-2.699390948E-1,-3.065121472E-1,1.435177326E-1
6.511152917E-1,-2.444896549E-1,-3.605372906E-1,9.972909838E-2
6.611252917E-1,-1.372588128E-1,-3.908645809E-1,4.606774077E-2
6.711352917E-1,-8.736542426E-3,-3.703518808E-1,-3.225384746E-3
6.811452917E-1,9.286811948E-2,-3.799539208E-1,-1.504076459E-2
6.911552917E-1,1.400399208E-1,-4.297169447E-1,-2.296842262E-2
7.011652917E-1,1.375988722E-1,-5.115976930E-1,-6.397284567E-2
7.111752917E-1,1.083559990E-1,-5.518387556E-1,-1.295139790E-1
7.211852917E-1,1.164152548E-1,-5.778852701E-1,-2.348654270E-1
7.311952917E-1,1.758735329E-1,-6.125461459E-1,-3.742235601E-1
7.412052917E-1,2.779980302E-1,-6.216685176E-1,-4.879511893E-1
7.512152917E-1,3.998970687E-1,-5.858352184E-1,-5.544610023E-1
7.612252917E-1,4.866442382E-1,-5.125780702E-1,-5.708082914E-1
7.712352917E-1,4.929298162E-1,-4.818696976E-1,-4.994428158E-1
7.812452917E-1,4.173905849E-1,-5.495209098E-1,-3.654210865E-1
7.912542917E-1,2.536455691E-1,-7.503065467E-1,-1.942875087E-1
8.012642917E-1,9.468307719E-3,-1.034080267E0,-6.906162947E-3
8.112742917E-1,-2.394570708E-1,-1.285113096E0,1.057884842E-1
8.212842917E-1,-3.729149997E-1,-1.427891374E0,1.001979783E-1
8.312942917E-1,-3.680137098E-1,-1.402884126E0,3.141989559E-2
8.413042917E-1,-2.601847053E-1,-1.311860919E0,-1.247931421E-1
8.513142917E-1,-1.842532121E-2,-1.292545080E0,-2.945168316E-1
8.613242917E-1,2.361196131E-1,-1.181621790E0,-4.048055410E-1
8.713342917E-1,4.247361124E-1,-1.086144686E0,-4.721430242E-1
8.813442917E-1,4.887912571E-1,-1.033095002E0,-5.209904909E-1
8.913542917E-1,4.120653272E-1,-1.106285095E0,-5.442355275E-1
9.013642917E-1,2.369496971E-1,-1.281241775E0,-5.355656147E-1
9.113742917E-1,6.827969849E-2,-1.473583937E0,-4.779081643E-1
9.213842917E-1,-2.123127133E-2,-1.591645002E0,-4.018229842E-1
9.313942917E-1,-6.286391616E-2,-1.571267843E0,-3.225650191E-1
9.414042917E-1,-1.022294313E-1,-1.453417897E0,-2.621152699E-1
9.514132917E-1,-1.645735204E-1,-1.296608090E0,-2.638307214E-1
9.614232917E-1,-1.991695762E-1,-1.132010818E0,-3.061726093E-1
9.714332917E-1,-1.451327056E-1,-9.565766454E-1,-3.504680693E-1
9.814432917E-1,-4.184306785E-2,-8.005744815E-1,-3.769638538E-1
9.914532917E-1,1.316573769E-1,-8.174253702E-1,-3.967592716E-1
1.001463292E0,3.159262836E-1,-9.189975262E-1,-4.023689330E-1
1.011473292E0,4.728290737E-1,-9.611333013E-1,-2.892374694E-1
1.021483292E0,5.744824409E-1,-9.290840030E-1,-1.801634431E-1
1.031493292E0,6.053622961E-1,-8.674249649E-1,-1.254282743E-1
1.041503292E0,5.408392549E-1,-8.491868377E-1,-7.305295765E-2
1.051513292E0,4.334366322E-1,-8.102564216E-1,-2.579265460E-2
1.061523292E0,3.300766945E-1,-7.576510310E-1,1.457554102E-2
1.071533292E0,1.943489611E-1,-7.150924802E-1,3.682086617E-2
1.081543292E0,4.229471087E-2,-6.844541430E-1,2.607820928E-2
1.091553292E0,-8.683744073E-2,-6.892703772E-1,1.290696301E-2
1.101563292E0,-1.605481505E-1,-6.996164918E-1,1.792595722E-2
1.111573292E0,-1.570799202E-1,-6.353728175E-1,8.832275122E-2
1.121582292E0,-1.270474494E-1,-5.518385172E-1,1.724261791E-1
1.131592292E0,-1.118889824E-1,-5.235165954E-1,2.152596712E-1
1.141602292E0,-1.291491836E-1,-5.066888928E-1,2.004740685E-1
1.151612292E0,-1.291339993E-1,-4.405067563E-1,1.260659397E-1
1.161622292E0,-7.453573495E-2,-3.369270861E-1,1.446297858E-2
1.171632292E0,2.788460255E-2,-2.081351429E-1,-1.020418853E-1
1.181642292E0,1.830725819E-1,-1.121843830E-1,-1.842755079E-1
1.191652292E0,3.381306231E-1,-1.000441909E-1,-2.300224453E-1
1.201662292E0,4.231911898E-1,-1.393963993E-1,-2.411254197E-1
1.211672292E0,4.569111168E-1,-1.470903158E-1,-1.926251799E-1
1.221682292E0,4.329402745E-1,-1.668696404E-1,-1.293860227E-1
1.231692292E0,3.664198220E-1,-1.955163032E-1,-8.623385429E-2
1.241702292E0,3.225820661E-1,-1.701771319E-1,-7.379741967E-2
1.251712167E0,3.152653277E-1,-9.371941537E-2,-1.040863246E-1
1.261722167E0,3.441206515E-1,-3.210239857E-2,-1.583178639E-1
1.271732167E0,3.955904245E-1,8.238909766E-3,-2.021739185E-1
1.281742167E0,4.250154495E-1,5.099276453E-2,-2.019235790E-1
1.291751167E0,4.134666622E-1,1.278787851E-1,-1.843013167E-1
1.301761167E0,4.123175144E-1,1.359867752E-1,-3.243561089E-2
1.311771167E0,3.775813878E-1,8.201845735E-2,1.060628295E-1
1.321781167E0,3.480170965E-1,2.413305640E-2,2.024133205E-1
1.331791167E0,3.390177488E-1,2.991238423E-2,2.227508277E-1
1.341801167E0,3.732731938E-1,1.206683815E-1,1.572266668E-1
1.351811167E0,4.961727262E-1,1.803691536E-1,5.193199962E-2
1.361821167E0,6.629388332E-1,2.676537335E-1,-3.423804045E-2
1.371831167E0,8.022136092E-1,3.472988009E-1,-1.452055760E-2
1.381841167E0,8.715980053E-1,4.021596611E-1,8.425609022E-2
1.391851167E0,8.360815644E-1,3.769664764E-1,1.947383583E-1
1.401861167E0,7.216191888E-1,3.490096927E-1,3.079147041E-1
1.411871167E0,6.185489893E-1,3.776855469E-1,4.395800829E-1
1.421881167E0,5.656397343E-1,3.569712043E-1,5.950208306E-1
1.431891167E0,5.768915415E-1,2.890976965E-1,6.882261634E-1
1.441901167E0,5.895103812E-1,2.605225146E-1,6.845390201E-1
1.451911167E0,6.073150039E-1,2.853851318E-1,6.089323759E-1
1.461920167E0,6.269014478E-1,3.852467537E-1,4.799768031E-1
1.471930167E0,7.671488523E-1,4.520993531E-1,3.482372165E-1
1.481940167E0,9.716524482E-1,4.856154919E-1,2.527948618E-1
1.491950167E0,1.089872837E0,5.055152774E-1,2.487334907E-1
1.501960167E0,1.132651210E0,4.888756275E-1,3.325370550E-1
1.511970167E0,1.113300204E0,4.365979731E-1,4.511120617E-1
1.521980167E0,1.039979696E0,3.441047966E-1,4.567297101E-1
1.531990167E0,9.850646853E-1,3.017670810E-1,3.261629641E-1
1.542000167E0,9.859808087E-1,3.477113843E-1,9.362533689E-2
1.552010167E0,1.050666571E0,4.719389379E-1,-1.800854057E-1
1.562020167E0,1.204808831E0,6.229817271E-1,-3.614951372E-1
1.572030167E0,1.370834470E0,7.517578602E-1,-4.333911538E-1
1.582040167E0,1.513942599E0,8.962473869E-1,-4.078612924E-1
1.592050167E0,1.516588688E0,9.414154291E-1,-3.137840033E-1
1.602060167E0,1.458389640E0,9.785835743E-1,-2.110874355E-1
1.612070167E0,1.372013450E0,9.889017940E-1,-5.696416274E-2
1.622080167E0,1.229706645E0,9.412077665E-1,2.662287466E-2
1.632089167E0,1.035589337E0,7.758234739E-1,2.898475341E-2
1.642099167E0,8.745190501E-1,6.529452205E-1,-2.482814342E-2
1.652109167E0,7.535288930E-1,5.076387525E-1,-3.168319166E-2
1.662119167E0,6.119624376E-1,3.574718535E-1,-2.379996702E-2
1.672129167E0,4.781910777E-1,2.168873549E-1,-6.166575849E-2
1.682139167E0,4.741808772E-1,2.636399567E-1,-4.404681548E-2
1.692149167E0,6.364654303E-1,5.385564566E-1,1.071540825E-2
1.702159167E0,7.631602287E-1,7.900320888E-1,7.665048540E-2
1.712169167E0,7.088365555E-1,8.849455714E-1,1.825932562E-1
1.722179167E0,5.804069638E-1,8.514456749E-1,2.913823128E-1
1.732189167E0,4.373307228E-1,7.704339623E-1,3.463900387E-1
1.742199167E0,2.802862525E-1,6.833805442E-1,3.602110445E-1
1.752209167E0,1.669479609E-1,5.625813007E-1,3.202994764E-1
1.762219167E0,1.102724373E-1,4.562405050E-1,2.531385422E-1
1.772229167E0,1.681216359E-1,4.595884085E-1,2.206828743E-1
1.782239167E0,3.173683882E-1,4.846948087E-1,2.481397986E-1
1.792249167E0,4.793967903E-1,4.641667008E-1,3.273441195E-1
1.802259167E0,5.532810688E-1,3.921822608E-1,3.896982968E-1
1.812268167E0,4.703621864E-1,3.180127740E-1,3.596361578E-1
1.822278167E0,2.717321813E-1,2.958430350E-1,2.466313094E-1
1.832288167E0,9.186018258E-2,3.266873658E-1,8.398923278E-2
1.842298167E0,1.395952329E-2,3.253861368E-1,-1.111072898E-1
1.852308167E0,7.048936188E-2,3.017045856E-1,-2.918848693E-1
1.862318167E0,2.439935207E-1,3.039861321E-1,-4.280475080E-1
1.872328167E0,4.553675056E-1,3.170659542E-1,-4.947740734E-1
1.882338167E0,6.120737791E-1,3.453572392E-1,-5.076366067E-1
1.892348167E0,6.504928470E-1,3.652724624E-1,-5.151592493E-1
1.902358167E0,5.654261708E-1,3.543372452E-1,-5.129070282E-1
1.912368167E0,4.261372089E-1,3.399858177E-1,-4.919638336E-1
1.922378167E0,2.830825746E-1,2.852884829E-1,-4.400780201E-1
1.932388167E0,1.883265674E-1,2.203099281E-1,-4.034993649E-1
1.942398167E0,1.349403113E-1,1.037614718E-1,-3.385003805E-1
1.952408167E0,1.077182740E-1,6.166258454E-2,-2.717241049E-1
1.962418167E0,8.981756866E-2,4.116529599E-2,-2.465178072E-1
1.972428167E0,6.814203411E-2,3.023238108E-2,-2.936802506E-1
1.982438167E0,6.504265219E-2,1.025537103E-1,-3.659014702E-1
1.992448167E0,6.818836182E-2,1.984368861E-1,-4.818567336E-1
2.002457167E0,9.630388021E-2,3.086366057E-1,-6.749827862E-1
2.012467167E0,1.533840299E-1,4.162500501E-1,-8.338842988E-1
2.022477167E0,2.295714766E-1,4.499529004E-1,-9.022241831E-1
2.032487167E0,2.870070338E-1,4.201851785E-1,-8.842526674E-1
2.042497167E0,2.558533847E-1,3.298547268E-1,-7.862819433E-1
2.052507167E0,1.352257729E-1,2.810561061E-1,-6.087105274E-1
2.062517167E0,-2.025117353E-2,1.453997493E-1,-4.301567376E-1
2.072527167E0,-1.820491254E-1,5.898687989E-2,-3.100896180E-1
2.082537167E0,-3.085684478E-1,7.609476149E-2,-2.068540305E-1
2.092547167E0,-4.181258380E-1,1.329697669E-1,-1.381617785E-1
2.102557167E0,-5.161578655E-1,1.824635416E-1,-1.064174399E-1
2.112567167E0,-5.975524187E-1,1.814796180E-1,-1.121959388E-1
2.122577167E0,-6.048406363E-1,1.136052310E-1,-1.288761050E-1
2.132587167E0,-5.052527785E-1,-9.189825505E-2,-1.933693886E-1
2.142597167E0,-3.197912872E-1,-2.297448069E-1,-2.055179328E-1
2.152607167E0,-2.129889280E-1,-2.464719415E-1,-2.849028409E-1
2.162617167E0,-1.909597814E-1,-1.729372591E-1,-4.351032674E-1
2.172627167E0,-2.532761097E-1,1.535937935E-2,-5.934813619E-1
2.182637167E0,-3.537651896E-1,2.168307155E-1,-7.392026186E-1
2.192646167E0,-4.570748508E-1,3.578175604E-1,-8.443465233E-1
2.202656167E0,-5.280566216E-1,3.518640697E-1,-8.832076192E-1
2.212666167E0,-4.971061051E-1,2.113647163E-1,-8.657696247E-1
2.222676167E0,-4.124402404E-1,7.784555107E-2,-7.749848366E-1
2.232686167E0,-3.811561167E-1,-1.654622518E-2,-6.646993160E-1
2.242696167E0,-4.941681623E-1,-3.033953533E-2,-5.578889847E-1
2.252706042E0,-7.182382345E-1,-5.737105384E-2,-4.093147814E-1
2.262716042E0,-9.866553545E-1,-1.713654026E-3,-3.975542784E-1
2.272726042E0,-1.203163147E0,7.277846336E-2,-4.852328897E-1
2.282736042E0,-1.240528584E0,3.014134765E-1,-7.039913535E-1
2.292746042E0,-1.061730385E0,6.764220595E-1,-8.807013631E-1
2.302756042E0,-8.043525815E-1,1.043417335E0,-1.043991327E0
2.312766042E0,-6.192805171E-1,1.282006621E0,-1.196015835E0
2.322776042E0,-5.587332845E-1,1.327105403E0,-1.261624098E0
2.332786042E0,-6.113772988E-1,1.318081260E0,-1.234777570E0
2.342796042E0,-7.673146725E-1,1.234746218E0,-1.093932867E0
2.352806042E0,-1.030945301E0,9.735026360E-1,-8.795033097E-1
2.362816042E0,-1.339217424E0,5.956587195E-1,-6.073256135E-1
2.372826042E0,-1.639850497E0,2.550790906E-1,-3.472534716E-1
2.382836042E0,-1.882337451E0,1.304623336E-1,-1.291842461E-1
2.392845042E0,-2.039791584E0,2.182045281E-1,3.871215507E-2
2.402855042E0,-2.072520018E0,4.422757030E-1,1.491590291E-1
2.412865042E0,-2.001416206E0,5.485521555E-1,2.800266147E-1
2.422875042E0,-1.907690406E0,6.859526634E-1,4.289231598E-1
2.432885042E0,-1.827282190E0,6.780027747E-1,5.703948140E-1
2.442895042E0,-1.747127175E0,6.762024760E-1,6.395437717E-1
2.452905042E0,-1.675392151E0,6.809529662E-1,6.451292038E-1
2.462915042E0,-1.623130083E0,6.257587075E-1,6.290106773E-1
2.472925042E0,-1.541728854E0,5.557297468E-1,5.954245925E-1
2.482935042E0,-1.430336356E0,5.093023181E-1,5.872095823E-1
2.492945042E0,-1.303513527E0,5.193638802E-1,5.912370086E-1
2.502955042E0,-1.194503903E0,5.885227323E-1,6.314496398E-1
2.512965042E0,-1.102298021E0,6.617812514E-1,6.640222073E-1
2.522975042E0,-9.945462346E-1,6.423338056E-1,6.777247190E-1
2.532985042E0,-8.836993575E-1,5.488926172E-1,6.840171814E-1
2.542995042E0,-8.034055829E-1,3.945951760E-1,6.643888950E-1
2.553005042E0,-7.179567218E-1,2.399483770E-1,6.077843308E-1
2.563015042E0,-5.954598784E-1,1.670084000E-1,5.135294795E-1
2.573025042E0,-4.758391976E-1,1.840272546E-1,3.866334558E-1
2.583035042E0,-3.285852969E-1,3.365909755E-1,2.292190790E-1
2.593044042E0,-1.764631122E-1,4.926692843E-1,8.375177532E-2
2.603054042E0,-6.045740470E-2,6.081444621E-1,-6.222726405E-2
2.613064042E0,1.642950578E-3,6.767230034E-1,-1.580997705E-1
2.623074042E0,-4.788583145E-3,6.511377692E-1,-1.847098172E-1
2.633084042E0,-4.647633433E-2,5.168503523E-1,-1.434478611E-1
2.643094042E0,-8.901926875E-2,3.395344317E-1,-3.616748005E-2
2.653104042E0,-1.079444960E-1,1.736716330E-1,1.035631448E-1
2.663114042E0,-1.036349684E-1,2.282593399E-2,2.156606615E-1
2.673124042E0,-1.190709174E-1,-9.090382606E-2,2.595013380E-1
2.683134042E0,-1.317219883E-1,-1.317162365E-1,2.637501359E-1
2.693144042E0,-1.062036306E-1,-1.334063709E-1,2.318766564E-1
2.703154042E0,-2.426641434E-2,-7.330308110E-2,1.586378515E-1
2.713164042E0,7.570413500E-2,5.030222237E-2,5.651535094E-2
2.723174042E0,1.591063440E-1,1.196264327E-1,-1.599906385E-2
2.733184042E0,2.146713883E-1,1.221567467E-1,-4.258749634E-2
2.743194042E0,2.291882783E-1,7.504702359E-2,-3.306616470E-2
2.753204042E0,1.945402324E-1,-1.365243457E-2,-1.812991872E-2
2.763214042E0,1.195376217E-1,-1.170150489E-1,5.021206569E-3
2.773224042E0,1.000217348E-1,-1.145682186E-1,1.666554622E-2
2.783234042E0,9.923690557E-2,-1.392376125E-1,3.074104432E-3
2.793244042E0,9.576763213E-2,-1.519030482E-1,-3.978732601E-2
2.803254042E0,1.280001253E-1,-1.382112056E-1,-9.599866718E-2
2.813264042E0,1.656644046E-1,-5.617046729E-2,-1.383543760E-1
2.823273042E0,2.043851614E-1,6.079610437E-2,-1.656307280E-1
2.833283042E0,2.228507102E-1,1.656846404E-1,-1.953997910E-1
2.843293042E0,2.492266595E-1,2.741035223E-1,-2.242109329E-1
2.853303042E0,2.858866751E-1,2.752013206E-1,-2.271189988E-1
2.863313042E0,2.858845294E-1,1.317762583E-1,-1.995949596E-1
2.873323042E0,2.492219359E-1,-6.824188679E-2,-1.424009353E-1
2.883333042E0,1.819536835E-1,-1.498552561E-1,-6.310610473E-2
2.893343042E0,9.848961979E-2,-2.219914347E-1,1.553495601E-2
2.903353042E0,1.177709922E-2,-2.956419587E-1,9.511420876E-2
2.913363042E0,-5.450181663E-2,-3.289433718E-1,1.709232777E-1
2.923373042E0,-1.197343543E-1,-3.978816867E-1,2.280294448E-1
2.933383042E0,-1.647971421E-1,-4.843727052E-1,2.795436680E-1
2.943393042E0,-1.530552655E-1,-6.109924316E-1,2.937465906E-1
2.953403042E0,-1.067093685E-1,-7.589489818E-1,2.489795089E-1
2.963413042E0,-4.648597911E-2,-8.944375515E-1,1.360857189E-1
2.973423042E0,3.683693707E-2,-9.709675312E-1,-2.712346427E-2
2.983433042E0,1.248853058E-1,-9.377462268E-1,-1.772032380E-1
2.993443042E0,2.082145214E-1,-8.535633087E-1,-2.577354610E-1
3.003453042E0,2.997412384E-1,-7.971112132E-1,-2.640069425E-1
3.013463042E0,3.418213129E-1,-7.790762186E-1,-2.314655483E-1
3.023473042E0,2.967683375E-1,-8.717334867E-1,-1.708685160E-1
3.033483042E0,1.887774765E-1,-1.044570684E0,-5.584654957E-2
3.043492042E0,4.442243651E-2,-1.256295443E0,1.035391167E-1
3.053502042E0,-8.920858800E-2,-1.482120633E0,2.290492058E-1
3.063512042E0,-1.671417356E-1,-1.654600978E0,2.399711013E-1
3.073522042E0,-2.023484856E-1,-1.685524821E0,1.974581182E-1
3.083532042E0,-1.905035377E-1,-1.547339320E0,1.131179407E-1
3.093542042E0,-1.004370898E-1,-1.361687660E0,-4.355626181E-3
3.103552042E0,1.542080287E-2,-1.200921178E0,-8.698978275E-2
3.113562042E0,8.498638868E-2,-1.155574918E0,-1.296174973E-1
3.123572042E0,7.257312536E-2,-1.253013492E0,-1.474465579E-1
3.133582042E0,4.546345677E-3,-1.464580894E0,-1.328056157E-1
3.143592042E0,-8.599953353E-2,-1.602026701E0,-8.701310307E-2
3.153602042E0,-1.905094534E-1,-1.600896001E0,-1.481033675E-2
3.163612042E0,-2.973275185E-1,-1.495605588E0,2.337224316E-3
3.173622042E0,-3.390240371E-1,-1.393894672E0,-1.238733158E-2
3.183632042E0,-3.172076941E-1,-1.398603082E0,1.588665135E-2
3.193642042E0,-2.816835046E-1,-1.525409579E0,1.046401262E-1
3.203652042E0,-2.783947885E-1,-1.712616205E0,2.166023552E-1
3.213662042E0,-3.136984408E-1,-1.789200664E0,3.135165870E-1
3.223672042E0,-4.019494653E-1,-1.658200741E0,4.311697185E-1
3.233682042E0,-5.447763205E-1,-1.446037769E0,5.275449157E-1
3.243692042E0,-7.265160680E-1,-1.282671690E0,5.599484444E-1
3.253701833E0,-8.557670712E-1,-1.198927283E0,5.480562449E-1
3.263711833E0,-8.472324610E-1,-1.145281076E0,4.926614463E-1
3.273721833E0,-7.156254053E-1,-1.072570562E0,3.454077244E-1
3.283730833E0,-4.908106327E-1,-8.805670142E-1,1.536380351E-1
3.293740833E0,-2.407675236E-1,-6.061897278E-1,-4.070074484E-2
3.303750833E0,1.186518930E-3,-4.868673086E-1,-1.939259917E-1
3.313760833E0,1.343120784E-1,-4.822082520E-1,-3.411837816E-1
3.323770833E0,2.108553201E-1,-5.494791865E-1,-4.255657792E-1
3.333780833E0,2.692987025E-1,-6.164710522E-1,-4.236621261E-1
3.343790833E0,2.829940021E-1,-6.881340146E-1,-4.081808925E-1
3.353800833E0,2.222382575E-1,-7.339679599E-1,-4.006836116E-1
3.363810833E0,1.074022129E-1,-8.041712642E-1,-3.560511768E-1
3.373820833E0,-4.203657061E-2,-8.542813659E-1,-2.469774187E-1
3.383830833E0,-2.013513893E-1,-8.100366592E-1,-6.597834080E-2
3.393840833E0,-3.195850551E-1,-7.536422014E-1,8.843170851E-2
3.403850833E0,-3.877345324E-1,-7.178536057E-1,1.472731829E-1
3.413860833E0,-3.881431520E-1,-6.706887484E-1,1.212496385E-1
3.423870833E0,-3.134697080E-1,-6.271476746E-1,3.435654938E-2
3.433880833E0,-1.820956320E-1,-5.549436808E-1,-8.434665203E-2
3.443890833E0,-5.706155673E-2,-4.120096862E-1,-1.993555278E-1
3.453900833E0,5.820294097E-2,-2.440269887E-1,-2.936813235E-1
3.463910833E0,1.506247520E-1,-9.272190928E-2,-3.206154704E-1
3.473920833E0,1.924193650E-1,1.265263744E-2,-2.959501147E-1
3.483930833E0,1.732139736E-1,3.113550693E-2,-2.511762381E-1
3.493940833E0,6.642597914E-2,-1.755301654E-2,-1.834250242E-1
3.503950833E0,-8.476327360E-2,-9.569256008E-2,-9.863743931E-2
3.513960833E0,-1.992344707E-1,-1.750895083E-1,-4.403287545E-2
3.523970833E0,-2.463561893E-1,-1.803697646E-1,-1.277775038E-2
3.533980833E0,-2.298347354E-1,-1.244268194E-1,-6.756907329E-3
3.543989833E0,-1.986445934E-1,-4.807638749E-2,-1.616239361E-2
3.553999833E0,-1.740345657E-1,-1.223523077E-2,-3.840326518E-2
3.564009833E0,-1.693727076E-1,1.103440672E-2,-4.397513345E-2
3.574019833E0,-1.828248501E-1,1.801158674E-2,-2.797335759E-2
3.584029833E0,-2.133071274E-1,-1.589497924E-2,-1.876121573E-2
3.594039833E0,-2.433528602E-1,-6.687466055E-2,-1.508901082E-2
3.604049833E0,-2.638757229E-1,-1.035032496E-1,5.757681094E-3
3.614059833E0,-2.714351118E-1,-7.681310922E-2,2.330913395E-2
3.624069833E0,-2.590671182E-1,-2.456851304E-3,6.300994009E-2
3.634079833E0,-2.461763769E-1,8.612172306E-2,1.051832065E-1
3.644089833E0,-2.520582378E-1,1.480921507E-1,1.446621865E-1
3.654099833E0,-2.791747451E-1,1.750932932E-1,1.713900417E-1
3.664109833E0,-3.064979911E-1,1.863225102E-1,1.597520262E-1
3.674119833E0,-3.342739940E-1,1.827479899E-1,1.331883073E-1
3.684129833E0,-3.490292430E-1,1.153849363E-1,1.027672887E-1
3.694139833E0,-3.334574699E-1,1.860832237E-2,6.968043745E-2
3.704149833E0,-2.888583243E-1,-7.105924189E-2,3.909189999E-2
3.714159833E0,-2.331454903E-1,-1.112590954E-1,8.350806311E-4
3.724169833E0,-1.551247239E-1,-2.771733515E-2,-3.379400447E-2
3.734179833E0,-2.673803084E-2,1.324942410E-1,-5.095363036E-2
3.744189833E0,6.793867797E-2,2.589576244E-1,-7.355827838E-2
3.754199833E0,8.102225512E-2,2.825337946E-1,-7.594873011E-2
3.764209833E0,2.984029427E-2,2.203921378E-1,-6.988737732E-2
3.774219833E0,-2.789730206E-2,1.247392744E-1,-4.922771454E-2
3.784229833E0,-7.841560245E-2,3.146471828E-2,-7.751644589E-3
3.794239833E0,-1.177443415E-1,-3.176105022E-2,1.686021127E-2
3.804249833E0,-1.313405782E-1,-5.568528920E-2,2.414235845E-2
3.814259833E0,-1.144566983E-1,-4.505248368E-2,4.118276760E-2
3.824269833E0,-8.609270304E-2,-4.541542381E-3,5.954712629E-2
3.834278833E0,-6.040650234E-2,5.115672201E-2,5.607085675E-2
3.844288833E0,-5.339280143E-2,9.327941388E-2,4.907047004E-2
3.854298833E0,-6.375330687E-2,6.768440455E-2,2.119497396E-2
3.864308833E0,-9.083125740E-2,2.843953297E-2,-1.478619687E-2
3.874318833E0,-9.672269225E-2,4.636048339E-3,-2.914467454E-2
3.884328833E0,-6.555944681E-2,-3.490417078E-2,-4.157071933E-2
3.894338833E0,-1.332290471E-2,-7.296215743E-2,-6.448175013E-2
3.904348833E0,2.219141275E-2,-7.439414412E-2,-7.897946984E-2
3.914358833E0,2.980966680E-2,-5.260797590E-2,-8.771803975E-2
3.924368833E0,3.374155983E-2,-2.798944712E-2,-8.991088718E-2
3.934378833E0,4.070812836E-2,3.774666227E-3,-7.911298424E-2
3.944388833E0,2.954788506E-2,3.601702303E-2,-6.675565243E-2
3.954398833E0,1.257936470E-3,5.184020847E-2,-6.759786606E-2
3.964408833E0,-3.679703921E-2,5.964646488E-2,-8.467139304E-2
3.974418833E0,-6.599488109E-2,3.321181238E-2,-9.786491096E-2
3.984428833E0,-7.446773350E-2,-2.468823828E-2,-9.896346927E-2
3.994438833E0,-4.821262509E-2,-7.801243663E-2,-1.054386124E-1
4.004448833E0,-1.550075039E-2,-9.154289216E-2,-1.071425006E-1
4.014458833E0,7.319436409E-4,-8.687806129E-2,-1.105035096E-1
4.024468833E0,1.880564960E-3,-8.128728718E-2,-1.285240501E-1
4.034478833E0,-1.290419511E-2,-3.765209764E-2,-1.410334557E-1
4.044488833E0,-2.924801223E-2,1.064992324E-2,-1.490469128E-1
4.054498833E0,-5.852736160E-2,2.014518902E-2,-1.491320431E-1
4.064508833E0,-1.002766788E-1,-3.462937847E-2,-1.408477426E-1
4.074518833E0,-1.395343542E-1,-1.214056760E-1,-1.298793256E-1
4.084528833E0,-1.532179415E-1,-1.769453734E-1,-1.191113815E-1
4.094538833E0,-1.299583763E-1,-1.675332338E-1,-1.128785908E-1
4.104548833E0,-7.665520906E-2,-1.172990873E-1,-1.033338234E-1
4.114558833E0,-2.970583364E-2,-8.107250929E-2,-1.100727767E-1
4.124568833E0,-2.082259208E-2,-5.155855790E-2,-1.353318095E-1
4.134577833E0,-3.224591538E-2,-2.303063124E-2,-1.614949852E-1
4.144587833E0,-3.698101640E-2,-1.340515912E-3,-1.802175492E-1
4.154597833E0,-3.806151450E-2,1.345701609E-2,-1.982503831E-1
4.164607833E0,-3.508516774E-2,1.488660090E-2,-1.965395659E-1
4.174617833E0,-3.370110318E-2,4.574913532E-3,-1.950111836E-1
4.184627833E0,-4.352230951E-2,-6.906240247E-3,-1.955113262E-1
4.194637833E0,-5.075277016E-2,5.752902944E-3,-1.931288838E-1
4.204647833E0,-3.705693409E-2,5.263412371E-2,-1.867218465E-1
4.214657833E0,1.520196348E-2,1.067678332E-1,-1.534885168E-1
4.224667833E0,6.992539763E-2,1.113993376E-1,-1.210536212E-1
4.234677833E0,8.184254915E-2,6.477914751E-2,-1.053575948E-1
4.244687833E0,6.760822237E-2,-1.544750296E-3,-1.042284146E-1
4.254698042E0,5.619044602E-2,-3.387505561E-2,-1.072565317E-1
4.264708042E0,5.120447278E-2,-1.632913649E-1,-3.481429070E-2
4.274718042E0,1.481634825E-1,-1.393799484E-1,5.943588540E-2
4.284728042E0,1.789805144E-1,-1.219775304E-1,6.537447125E-2
4.294738042E0,1.887514740E-1,-9.557536989E-2,1.387138665E-1
4.304748042E0,1.827742755E-1,-1.525336877E-2,2.300584316E-1
4.314758042E0,1.768686324E-1,-1.593799517E-2,2.612652183E-1
4.324768042E0,8.796326071E-2,-3.524964303E-2,2.759573460E-1
4.334778042E0,4.666297697E-3,-7.154047489E-2,2.702803016E-1
4.344788042E0,-1.110387594E-2,-1.136849970E-1,2.353585511E-1
4.354798042E0,2.945233323E-2,-9.904938936E-2,1.872766614E-1
4.364808042E0,1.185252219E-1,-4.146705568E-2,1.148778275E-1
4.374818042E0,2.492877245E-1,4.895111918E-2,5.369346123E-3
4.384828042E0,3.787581027E-1,1.873894185E-1,-1.168604195E-1
4.394838042E0,4.802753627E-1,3.650181890E-1,-2.332926244E-1
4.404848042E0,5.558491945E-1,5.136801004E-1,-3.430023193E-1
4.414858042E0,6.108317971E-1,5.807228684E-1,-4.080159962E-1
4.424868042E0,6.192460060E-1,5.729325414E-1,-4.112895429E-1
4.434878042E0,5.901066065E-1,4.827530384E-1,-3.736083508E-1
4.444888042E0,5.170070529E-1,3.623573780E-1,-3.333831728E-1
4.454898042E0,4.255487323E-1,2.615917325E-1,-2.799908221E-1
4.464908042E0,3.745734394E-1,2.035212517E-1,-2.461425811E-1
4.474918042E0,3.527140021E-1,1.780328900E-1,-2.212507129E-1
4.484928042E0,3.385957778E-1,1.703613847E-1,-2.143046558E-1
4.494937042E0,3.136315942E-1,1.410175711E-1,-2.175022811E-1
4.504947042E0,1.794636548E-1,1.572311670E-1,-2.089074552E-1
4.514957042E0,-9.622520953E-2,2.661538310E-2,-1.194119826E-1
4.524967042E0,-2.304219007E-1,-1.684494466E-1,6.396806799E-3
4.534977042E0,-1.306355745E-1,-2.673223615E-1,1.312495619E-1
4.544987042E0,3.398160264E-2,-2.411496043E-1,2.137715966E-1
4.554997042E0,2.569246478E-2,-2.333879471E-1,2.399358153E-1